{"Version":"V9.3.7","Type":1,"ObjItems":[
  {"Type":13,"ObjID":1506240782,"ParentID":379202615,"SrvID":"5787393883492082286","tmModify":"2022/10/12 17:17:17","Object":
      {"Name":"0-1","Type":13,"Comment":"","ObjectDetail":
          {"Gcj02":1,"OverlayIdx":0,"ShowLevel":1,"ShowLevelMax":0,"OuterRgnIdx":0,"EditMode":0,"ShowFlag":0,"LineClr":16776960,"LineWidth":3,"LineAlpha":100,"AreaClr":16776960,"AreaAlpha":40,"StartAngle":180.000000,"EndAngle":180.000000,"FillType":0,"FillSubType":0,"FillPattern":0,"FillChgClr":0,"FillRotate":0.000000,"FillScale":0.000000,"FillOffsetX":0.000000,"FillOffsetY":0.000000,"Mtp":144,"Latlng":[29.41486456,119.25484775,29.41488457,119.25484776,29.41493460,119.25484776,29.41499463,119.25484776,29.41513471,119.25487777,29.41516472,119.25488778,29.41519474,119.25492778,29.41524477,119.25496778,29.41530480,119.25504778,29.41532481,119.25510777,29.41535483,119.25521777,29.41537484,119.25525777,29.41537484,119.25529777,29.41537484,119.25532776,29.41536484,119.25533776,29.41536484,119.25537776,29.41529480,119.25546775,29.41527479,119.25548775,29.41527479,119.25550775,29.41529481,119.25556774,29.41532483,119.25563774,29.41533483,119.25563774,29.41533483,119.25563774,29.41533483,119.25564774,29.41531482,119.25565774,29.41532483,119.25566774,29.41532483,119.25566774,29.41538486,119.25575774,29.41548492,119.25591775,29.41549493,119.25594775,29.41552495,119.25598775,29.41556497,119.25603775,29.41559499,119.25605775,29.41561500,119.25606775,29.41567503,119.25607776,29.41569505,119.25607776,29.41570505,119.25607776,29.41576508,119.25604777,29.41582511,119.25602777,29.41594518,119.25600778,29.41600521,119.25597779,29.41602522,119.25596779,29.41604523,119.25594779,29.41608525,119.25594780,29.41615529,119.25591780,29.41621532,119.25588781,29.41625534,119.25589781,29.41627535,119.25590781,29.41641542,119.25586783,29.41647546,119.25585783,29.41653549,119.25583784,29.41655550,119.25583784,29.41664554,119.25580785,29.41665555,119.25581785,29.41678562,119.25578786,29.41687567,119.25575787,29.41694570,119.25571788,29.41694570,119.25570788,29.41695571,119.25570788,29.41696571,119.25571788,29.41696571,119.25571788,29.41705576,119.25562789,29.41704575,119.25560789,29.41704575,119.25560789,29.41707577,119.25558789,29.41715581,119.25548791,29.41715581,119.25547791,29.41743596,119.25544793,29.41742595,119.25545793,29.41742595,119.25547793,29.41742595,119.25551793,29.41740594,119.25553792,29.41728588,119.25561791,29.41727588,119.25562791,29.41727588,119.25564791,29.41713581,119.25571789,29.41713581,119.25571789,29.41705577,119.25580788,29.41705577,119.25580788,29.41702575,119.25583788,29.41698573,119.25586787,29.41693570,119.25586787,29.41688568,119.25588787,29.41680564,119.25591786,29.41666556,119.25595784,29.41665556,119.25594784,29.41664555,119.25595784,29.41654550,119.25598783,29.41653549,119.25598783,29.41652549,119.25597783,29.41651548,119.25596783,29.41648547,119.25596783,29.41641543,119.25599782,29.41641543,119.25599782,29.41633539,119.25601781,29.41629537,119.25602781,29.41615529,119.25607780,29.41597520,119.25614778,29.41595519,119.25614778,29.41578510,119.25620776,29.41574508,119.25620776,29.41575508,119.25617776,29.41572507,119.25617776,29.41571506,119.25617776,29.41570506,119.25618776,29.41569505,119.25618776,29.41567504,119.25618775,29.41564503,119.25619775,29.41559500,119.25618775,29.41552496,119.25615774,29.41552496,119.25615774,29.41519476,119.25569773,29.41519476,119.25569773,29.41514473,119.25561773,29.41513472,119.25559773,29.41515473,119.25550774,29.41517474,119.25545774,29.41522476,119.25539775,29.41523477,119.25536775,29.41526478,119.25526776,29.41526478,119.25521776,29.41524477,119.25516776,29.41522476,119.25511776,29.41521475,119.25510776,29.41518474,119.25505777,29.41511470,119.25501776,29.41500464,119.25496776,29.41491459,119.25495775,29.41486456,119.25495775,29.41478452,119.25495774,29.41478452,119.25495774,29.41477451,119.25495774,29.41477451,119.25496774,29.41474450,119.25496773,29.41472449,119.25496773,29.41468446,119.25498773,29.41460442,119.25486773,29.41460442,119.25486773,29.41467446,119.25485774,29.41474450,119.25485774,29.41480453,119.25483775,29.41482454,119.25483775,29.41486456,119.25484775,29.41486456,119.25484775]
          }
      }
  }]
}